tso	A0	FAIL	1.9	/home/brauner/tmp/dat3m/logs/tso/A0.log
arm8	A0	FAIL	2.0	/home/brauner/tmp/dat3m/logs/arm8/A0.log
power	A0	FAIL	3.3	/home/brauner/tmp/dat3m/logs/power/A0.log
tso	A1	PASS	1.9	/home/brauner/tmp/dat3m/logs/tso/A1.log
arm8	A1	PASS	1.9	/home/brauner/tmp/dat3m/logs/arm8/A1.log
tso	A1m-nowmb	PASS	1.8	/home/brauner/tmp/dat3m/logs/tso/A1m-nowmb.log
arm8	A1m-nowmb	FAIL	1.9	/home/brauner/tmp/dat3m/logs/arm8/A1m-nowmb.log
power	A1	PASS	3.3	/home/brauner/tmp/dat3m/logs/power/A1.log
tso	A1m-nomb-in-sum	PASS	2.0	/home/brauner/tmp/dat3m/logs/tso/A1m-nomb-in-sum.log
arm8	A1m-nomb-in-sum	FAIL	2.1	/home/brauner/tmp/dat3m/logs/arm8/A1m-nomb-in-sum.log
tso	A1m-gets-first	FAIL	2.0	/home/brauner/tmp/dat3m/logs/tso/A1m-gets-first.log
arm8	A1m-gets-first	FAIL	1.9	/home/brauner/tmp/dat3m/logs/arm8/A1m-gets-first.log
power	A1m-nowmb	FAIL	3.7	/home/brauner/tmp/dat3m/logs/power/A1m-nowmb.log
lkmm	A0	FAIL	11.7	/home/brauner/tmp/dat3m/logs/lkmm/A0.log
tso	A1mig	PASS	1.9	/home/brauner/tmp/dat3m/logs/tso/A1mig.log
arm8	A1mig	PASS	2.0	/home/brauner/tmp/dat3m/logs/arm8/A1mig.log
power	A1m-nomb-in-sum	FAIL	3.2	/home/brauner/tmp/dat3m/logs/power/A1m-nomb-in-sum.log
tso	A2-gp-as-mb	FAIL	2.0	/home/brauner/tmp/dat3m/logs/tso/A2-gp-as-mb.log
arm8	A2-gp-as-mb	FAIL	1.8	/home/brauner/tmp/dat3m/logs/arm8/A2-gp-as-mb.log
tso	A2m-nogp	FAIL	1.9	/home/brauner/tmp/dat3m/logs/tso/A2m-nogp.log
arm8	A2m-nogp	FAIL	2.0	/home/brauner/tmp/dat3m/logs/arm8/A2m-nogp.log
power	A1m-gets-first	FAIL	3.4	/home/brauner/tmp/dat3m/logs/power/A1m-gets-first.log
tso	B1	PASS	1.8	/home/brauner/tmp/dat3m/logs/tso/B1.log
arm8	B1	PASS	1.8	/home/brauner/tmp/dat3m/logs/arm8/B1.log
tso	B1m-walker-nomb	FAIL	1.8	/home/brauner/tmp/dat3m/logs/tso/B1m-walker-nomb.log
arm8	B1m-walker-nomb	FAIL	1.8	/home/brauner/tmp/dat3m/logs/arm8/B1m-walker-nomb.log
power	A1mig	PASS	3.7	/home/brauner/tmp/dat3m/logs/power/A1mig.log
tso	B1m-peek-no-outer-mb	PASS	1.9	/home/brauner/tmp/dat3m/logs/tso/B1m-peek-no-outer-mb.log
arm8	B1m-peek-no-outer-mb	PASS	2.0	/home/brauner/tmp/dat3m/logs/arm8/B1m-peek-no-outer-mb.log
lkmm	A1	PASS	11.2	/home/brauner/tmp/dat3m/logs/lkmm/A1.log
tso	B2	PASS	2.0	/home/brauner/tmp/dat3m/logs/tso/B2.log
arm8	B2	PASS	1.8	/home/brauner/tmp/dat3m/logs/arm8/B2.log
power	A2-gp-as-mb	FAIL	3.5	/home/brauner/tmp/dat3m/logs/power/A2-gp-as-mb.log
tso	B2m-flags-unlocked	FAIL	1.8	/home/brauner/tmp/dat3m/logs/tso/B2m-flags-unlocked.log
arm8	B2m-flags-unlocked	FAIL	2.0	/home/brauner/tmp/dat3m/logs/arm8/B2m-flags-unlocked.log
tso	C1	PASS	1.9	/home/brauner/tmp/dat3m/logs/tso/C1.log
arm8	C1	PASS	1.9	/home/brauner/tmp/dat3m/logs/arm8/C1.log
power	A2m-nogp	FAIL	3.5	/home/brauner/tmp/dat3m/logs/power/A2m-nogp.log
tso	C2-gp-as-mb	FAIL	1.8	/home/brauner/tmp/dat3m/logs/tso/C2-gp-as-mb.log
arm8	C2-gp-as-mb	FAIL	1.9	/home/brauner/tmp/dat3m/logs/arm8/C2-gp-as-mb.log
tso	D1	PASS	1.6	/home/brauner/tmp/dat3m/logs/tso/D1.log
power	B1	PASS	3.1	/home/brauner/tmp/dat3m/logs/power/B1.log
arm8	D1	PASS	1.6	/home/brauner/tmp/dat3m/logs/arm8/D1.log
tso	D1m-holder-wmb-only	FAIL	1.3	/home/brauner/tmp/dat3m/logs/tso/D1m-holder-wmb-only.log
arm8	D1m-holder-wmb-only	FAIL	1.3	/home/brauner/tmp/dat3m/logs/arm8/D1m-holder-wmb-only.log
power	B1m-walker-nomb	PASS	2.6	/home/brauner/tmp/dat3m/logs/power/B1m-walker-nomb.log
lkmm	A1m-nowmb	FAIL	10.9	/home/brauner/tmp/dat3m/logs/lkmm/A1m-nowmb.log
power	B1m-peek-no-outer-mb	PASS	2.8	/home/brauner/tmp/dat3m/logs/power/B1m-peek-no-outer-mb.log
power	B2	PASS	2.7	/home/brauner/tmp/dat3m/logs/power/B2.log
power	B2m-flags-unlocked	FAIL	1.8	/home/brauner/tmp/dat3m/logs/power/B2m-flags-unlocked.log
lkmm	A1m-nomb-in-sum	FAIL	9.1	/home/brauner/tmp/dat3m/logs/lkmm/A1m-nomb-in-sum.log
power	C1	PASS	2.3	/home/brauner/tmp/dat3m/logs/power/C1.log
power	C2-gp-as-mb	FAIL	2.4	/home/brauner/tmp/dat3m/logs/power/C2-gp-as-mb.log
power	D1	PASS	1.8	/home/brauner/tmp/dat3m/logs/power/D1.log
power	D1m-holder-wmb-only	PASS	1.8	/home/brauner/tmp/dat3m/logs/power/D1m-holder-wmb-only.log
lkmm	A1m-gets-first	FAIL	9.6	/home/brauner/tmp/dat3m/logs/lkmm/A1m-gets-first.log
lkmm	A1mig	PASS	11.3	/home/brauner/tmp/dat3m/logs/lkmm/A1mig.log
lkmm	A2	PASS	10.0	/home/brauner/tmp/dat3m/logs/lkmm/A2.log
lkmm	A2m-nogp	FAIL	5.1	/home/brauner/tmp/dat3m/logs/lkmm/A2m-nogp.log
lkmm	B1	PASS	6.3	/home/brauner/tmp/dat3m/logs/lkmm/B1.log
lkmm	B1m-walker-nomb	FAIL	5.5	/home/brauner/tmp/dat3m/logs/lkmm/B1m-walker-nomb.log
lkmm	B1m-peek-no-outer-mb	PASS	6.3	/home/brauner/tmp/dat3m/logs/lkmm/B1m-peek-no-outer-mb.log
lkmm	B2	PASS	6.6	/home/brauner/tmp/dat3m/logs/lkmm/B2.log
lkmm	B2m-flags-unlocked	FAIL	2.3	/home/brauner/tmp/dat3m/logs/lkmm/B2m-flags-unlocked.log
lkmm	C1	PASS	7.8	/home/brauner/tmp/dat3m/logs/lkmm/C1.log
lkmm	C2	PASS	8.4	/home/brauner/tmp/dat3m/logs/lkmm/C2.log
lkmm	D1	PASS	2.6	/home/brauner/tmp/dat3m/logs/lkmm/D1.log
lkmm	D1m-holder-wmb-only	FAIL	2.5	/home/brauner/tmp/dat3m/logs/lkmm/D1m-holder-wmb-only.log
arm8-c11	A0	FAIL	1.6	/home/brauner/tmp/dat3m/logs/arm8-c11/A0.log
power-c11	A0	FAIL	2.8	/home/brauner/tmp/dat3m/logs/power-c11/A0.log
arm8-c11	A1	PASS	1.6	/home/brauner/tmp/dat3m/logs/arm8-c11/A1.log
arm8-c11	A1m-nowmb	FAIL	1.5	/home/brauner/tmp/dat3m/logs/arm8-c11/A1m-nowmb.log
power-c11	A1	PASS	2.9	/home/brauner/tmp/dat3m/logs/power-c11/A1.log
arm8-c11	A1m-nomb-in-sum	FAIL	1.6	/home/brauner/tmp/dat3m/logs/arm8-c11/A1m-nomb-in-sum.log
arm8-c11	A1m-gets-first	FAIL	1.7	/home/brauner/tmp/dat3m/logs/arm8-c11/A1m-gets-first.log
power-c11	A1m-nowmb	FAIL	2.9	/home/brauner/tmp/dat3m/logs/power-c11/A1m-nowmb.log
arm8-c11	A1mig	PASS	1.6	/home/brauner/tmp/dat3m/logs/arm8-c11/A1mig.log
arm8-c11	A2-gp-as-mb	FAIL	1.6	/home/brauner/tmp/dat3m/logs/arm8-c11/A2-gp-as-mb.log
power-c11	A1m-nomb-in-sum	FAIL	2.7	/home/brauner/tmp/dat3m/logs/power-c11/A1m-nomb-in-sum.log
arm8-c11	A2m-nogp	FAIL	1.6	/home/brauner/tmp/dat3m/logs/arm8-c11/A2m-nogp.log
power-c11	A1m-gets-first	FAIL	2.7	/home/brauner/tmp/dat3m/logs/power-c11/A1m-gets-first.log
arm8-c11	B1	PASS	1.5	/home/brauner/tmp/dat3m/logs/arm8-c11/B1.log
arm8-c11	B1m-walker-nomb	FAIL	1.5	/home/brauner/tmp/dat3m/logs/arm8-c11/B1m-walker-nomb.log
power-c11	A1mig	PASS	2.9	/home/brauner/tmp/dat3m/logs/power-c11/A1mig.log
arm8-c11	B1m-peek-no-outer-mb	PASS	1.5	/home/brauner/tmp/dat3m/logs/arm8-c11/B1m-peek-no-outer-mb.log
arm8-c11	B2	PASS	1.5	/home/brauner/tmp/dat3m/logs/arm8-c11/B2.log
power-c11	A2-gp-as-mb	FAIL	2.6	/home/brauner/tmp/dat3m/logs/power-c11/A2-gp-as-mb.log
arm8-c11	B2m-flags-unlocked	FAIL	1.5	/home/brauner/tmp/dat3m/logs/arm8-c11/B2m-flags-unlocked.log
power-c11	A2m-nogp	FAIL	2.6	/home/brauner/tmp/dat3m/logs/power-c11/A2m-nogp.log
arm8-c11	C1	PASS	1.6	/home/brauner/tmp/dat3m/logs/arm8-c11/C1.log
arm8-c11	C2-gp-as-mb	FAIL	1.5	/home/brauner/tmp/dat3m/logs/arm8-c11/C2-gp-as-mb.log
power-c11	B1	PASS	2.4	/home/brauner/tmp/dat3m/logs/power-c11/B1.log
arm8-c11	D1	PASS	1.5	/home/brauner/tmp/dat3m/logs/arm8-c11/D1.log
arm8-c11	D1m-holder-wmb-only	PASS	1.4	/home/brauner/tmp/dat3m/logs/arm8-c11/D1m-holder-wmb-only.log
power-c11	B1m-walker-nomb	FAIL	2.2	/home/brauner/tmp/dat3m/logs/power-c11/B1m-walker-nomb.log
power-c11	B1m-peek-no-outer-mb	PASS	2.4	/home/brauner/tmp/dat3m/logs/power-c11/B1m-peek-no-outer-mb.log
power-c11	B2	PASS	2.4	/home/brauner/tmp/dat3m/logs/power-c11/B2.log
power-c11	B2m-flags-unlocked	FAIL	1.8	/home/brauner/tmp/dat3m/logs/power-c11/B2m-flags-unlocked.log
power-c11	C1	PASS	2.5	/home/brauner/tmp/dat3m/logs/power-c11/C1.log
power-c11	C2-gp-as-mb	FAIL	2.4	/home/brauner/tmp/dat3m/logs/power-c11/C2-gp-as-mb.log
power-c11	D1	PASS	1.7	/home/brauner/tmp/dat3m/logs/power-c11/D1.log
power-c11	D1m-holder-wmb-only	FAIL	1.7	/home/brauner/tmp/dat3m/logs/power-c11/D1m-holder-wmb-only.log
