mnt-2147483769	ACCEPTED		 distinct states	
mnt-2147483771	ACCEPTED		 distinct states	
mnt-2147483823	ACCEPTED		 distinct states	
mnt-2147483759	ACCEPTED		 distinct states	
mnt-2147483819	ACCEPTED		 distinct states	
mnt-2147483811	ACCEPTED		 distinct states	
mnt-2147483794	ACCEPTED		 distinct states	
mnt-2147483807	ACCEPTED		 distinct states	
mnt-2147483745	ACCEPTED		 distinct states	
mnt-2147483758	ACCEPTED		 distinct states	
mnt-2147483821	ACCEPTED		 distinct states	
mnt-2147483834	ACCEPTED		 distinct states	
mnt-2147483795	ACCEPTED		 distinct states	
mnt-2147483817	ACCEPTED		 distinct states	
mnt-2147483813	ACCEPTED		 distinct states	
mnt-2147483796	ACCEPTED		 distinct states	
mnt-2147483814	ACCEPTED		 distinct states	
mnt-2147483798	ACCEPTED		 distinct states	
mnt-2147483757	ACCEPTED		 distinct states	
mnt-2147483845	ACCEPTED		 distinct states	
mnt-2147483840	ACCEPTED		 distinct states	
mnt-2147483835	ACCEPTED		 distinct states	
mnt-2147483842	ACCEPTED		 distinct states	
mnt-2147483831	ACCEPTED		 distinct states	
mnt-2147483797	ACCEPTED		 distinct states	
mnt-2147483824	ACCEPTED		 distinct states	
mnt-2147483839	ACCEPTED		 distinct states	
mnt-2147483857	ACCEPTED		 distinct states	
mnt-2147483903	ACCEPTED		 distinct states	
mnt-2147483865	ACCEPTED		 distinct states	
mnt-2147483856	ACCEPTED		 distinct states	
mnt-2147483850	ACCEPTED		 distinct states	
mnt-2147483877	ACCEPTED		 distinct states	
mnt-2147483863	ACCEPTED		 distinct states	
mnt-2147483852	ACCEPTED		 distinct states	
mnt-2147483873	ACCEPTED		 distinct states	
mnt-2147483870	ACCEPTED		 distinct states	
mnt-2147483894	ACCEPTED		 distinct states	
mnt-2147483902	ACCEPTED		 distinct states	
mnt-2147483909	ACCEPTED		 distinct states	
mnt-2147483921	ACCEPTED		 distinct states	
mnt-2147483879	ACCEPTED		 distinct states	
mnt-2147483932	ACCEPTED		 distinct states	
mnt-2147483917	ACCEPTED		 distinct states	
mnt-2147483751	ACCEPTED		 distinct states	
mnt-2147483928	ACCEPTED		 distinct states	
mnt-2147483803	ACCEPTED		 distinct states	
mnt-2147483919	ACCEPTED		 distinct states	
mnt-2147483923	ACCEPTED		 distinct states	
mnt-2147483789	ACCEPTED		 distinct states	
mnt-2147483930	ACCEPTED		 distinct states	
mnt-2147483933	ACCEPTED		 distinct states	
mnt-2147483934	ACCEPTED		 distinct states	
mnt-2147483833	ACCEPTED		 distinct states	
mnt-2147483871	ACCEPTED		 distinct states	
mnt-2147483790	ACCEPTED		 distinct states	
mnt-2147483935	ACCEPTED		 distinct states	
mnt-2147483937	ACCEPTED		 distinct states	
mnt-2147483954	ACCEPTED		 distinct states	
mnt-2147483957	ACCEPTED		 distinct states	
mnt-2147483958	ACCEPTED		 distinct states	
mnt-2147483986	ACCEPTED		 distinct states	
mnt-2147483973	ACCEPTED		 distinct states	
mnt-2147483961	ACCEPTED		 distinct states	
mnt-2147483977	ACCEPTED		 distinct states	
mnt-2147483979	ACCEPTED		 distinct states	
mnt-2147483985	ACCEPTED		 distinct states	
mnt-2147483991	ACCEPTED		 distinct states	
mnt-2147483899	ACCEPTED		 distinct states	
mnt-2147484004	ACCEPTED		 distinct states	
mnt-2147484010	ACCEPTED		 distinct states	
mnt-2147483992	ACCEPTED		 distinct states	
mnt-2147483891	ACCEPTED		 distinct states	
mnt-2147483997	ACCEPTED		 distinct states	
mnt-2147483998	ACCEPTED		 distinct states	
mnt-2147483911	ACCEPTED		 distinct states	
mnt-2147484027	ACCEPTED		 distinct states	
mnt-2147484032	ACCEPTED		 distinct states	
mnt-2147484014	ACCEPTED		 distinct states	
mnt-2147484036	ACCEPTED		 distinct states	
mnt-2147484034	ACCEPTED		 distinct states	
mnt-2147484043	ACCEPTED		 distinct states	
mnt-2147484047	ACCEPTED		 distinct states	
mnt-2147484059	ACCEPTED		 distinct states	
mnt-2147484045	ACCEPTED		 distinct states	
mnt-2147484048	ACCEPTED		 distinct states	
mnt-2147484069	ACCEPTED		 distinct states	
mnt-2147484061	ACCEPTED		 distinct states	
mnt-2147484077	ACCEPTED		 distinct states	
mnt-2147484067	ACCEPTED		 distinct states	
mnt-2147484075	ACCEPTED		 distinct states	
mnt-2147484071	ACCEPTED		 distinct states	
mnt-2147484080	ACCEPTED		 distinct states	
mnt-2147484081	ACCEPTED		 distinct states	
mnt-2147484082	ACCEPTED		 distinct states	
mnt-2147484088	ACCEPTED		 distinct states	
mnt-2147484110	ACCEPTED		 distinct states	
mnt-2147483945	ACCEPTED		 distinct states	
mnt-2147484086	ACCEPTED		 distinct states	
mnt-2147484089	ACCEPTED		 distinct states	
mnt-2147484049	ACCEPTED		 distinct states	
mnt-2147484009	ACCEPTED		 distinct states	
mnt-2147483948	ACCEPTED		 distinct states	
mnt-2147483967	ACCEPTED		 distinct states	
mnt-2147483981	ACCEPTED		 distinct states	
mnt-2147483939	ACCEPTED		 distinct states	
mnt-2147484120	ACCEPTED		 distinct states	
mnt-2147484117	ACCEPTED		 distinct states	
mnt-2147484133	ACCEPTED		 distinct states	
mnt-2147484128	ACCEPTED		 distinct states	
mnt-2147484138	ACCEPTED		 distinct states	
mnt-2147484135	ACCEPTED		 distinct states	
mnt-2147484141	ACCEPTED		 distinct states	
mnt-2147484142	ACCEPTED		 distinct states	
mnt-2147484145	ACCEPTED		 distinct states	
mnt-2147484143	ACCEPTED		 distinct states	
mnt-2147484144	ACCEPTED		 distinct states	
mnt-2147484153	ACCEPTED		 distinct states	
mnt-2147484065	ACCEPTED		 distinct states	
mnt-2147484167	ACCEPTED		 distinct states	
mnt-2147484165	ACCEPTED		 distinct states	
mnt-2147484161	ACCEPTED		 distinct states	
mnt-2147484057	ACCEPTED		 distinct states	
mnt-2147484168	ACCEPTED		 distinct states	
mnt-2147484172	ACCEPTED		 distinct states	
mnt-2147484179	ACCEPTED		 distinct states	
mnt-2147484084	ACCEPTED		 distinct states	
mnt-2147484194	ACCEPTED		 distinct states	
mnt-2147484187	ACCEPTED		 distinct states	
mnt-2147484197	ACCEPTED		 distinct states	
mnt-2147484184	ACCEPTED		 distinct states	
mnt-2147484149	ACCEPTED		 distinct states	
mnt-2147484125	ACCEPTED		 distinct states	
mnt-2147484199	ACCEPTED		 distinct states	
mnt-2147484201	ACCEPTED		 distinct states	
mnt-2147484099	ACCEPTED		 distinct states	
mnt-2147484202	ACCEPTED		 distinct states	
mnt-2147484132	ACCEPTED		 distinct states	
mnt-2147484205	ACCEPTED		 distinct states	
mnt-2147484207	ACCEPTED		 distinct states	
mnt-2147484204	ACCEPTED		 distinct states	
mnt-2147484123	ACCEPTED		 distinct states	
mnt-2147484215	ACCEPTED		 distinct states	
mnt-2147484211	ACCEPTED		 distinct states	
mnt-2147484219	ACCEPTED		 distinct states	
mnt-2147484217	ACCEPTED		 distinct states	
mnt-2147484220	ACCEPTED		 distinct states	
mnt-2147484226	ACCEPTED		 distinct states	
mnt-2147484218	ACCEPTED		 distinct states	
mnt-2147484229	ACCEPTED		 distinct states	
mnt-2147484230	ACCEPTED		 distinct states	
mnt-2147484231	ACCEPTED		 distinct states	
mnt-2147484159	ACCEPTED		 distinct states	
mnt-2147484235	ACCEPTED		 distinct states	
mnt-2147484233	ACCEPTED		 distinct states	
mnt-2147484171	ACCEPTED		 distinct states	
mnt-2147484237	ACCEPTED		 distinct states	
mnt-2147484186	ACCEPTED		 distinct states	
mnt-2147484239	ACCEPTED		 distinct states	
mnt-2147484251	ACCEPTED		 distinct states	
mnt-2147484253	ACCEPTED		 distinct states	
mnt-2147484254	ACCEPTED		 distinct states	
mnt-2147484189	ACCEPTED		 distinct states	
mnt-2147484268	ACCEPTED		 distinct states	
mnt-2147484281	ACCEPTED		 distinct states	
mnt-2147484273	ACCEPTED		 distinct states	
mnt-2147484275	ACCEPTED		 distinct states	
mnt-2147484280	ACCEPTED		 distinct states	
mnt-2147484283	ACCEPTED		 distinct states	
mnt-2147484287	ACCEPTED		 distinct states	
mnt-2147484289	ACCEPTED		 distinct states	
mnt-2147484284	ACCEPTED		 distinct states	
mnt-2147484209	ACCEPTED		 distinct states	
mnt-2147484297	ACCEPTED		 distinct states	
mnt-2147484303	ACCEPTED		 distinct states	
mnt-2147484305	ACCEPTED		 distinct states	
mnt-2147484300	ACCEPTED		 distinct states	
mnt-2147484302	ACCEPTED		 distinct states	
mnt-2147484223	ACCEPTED		 distinct states	
mnt-2147484308	ACCEPTED		 distinct states	
mnt-2147484311	ACCEPTED		 distinct states	
mnt-2147484317	ACCEPTED		 distinct states	
mnt-2147484310	ACCEPTED		 distinct states	
mnt-2147484312	ACCEPTED		 distinct states	
mnt-2147484318	ACCEPTED		 distinct states	
mnt-2147484221	ACCEPTED		 distinct states	
mnt-2147484319	ACCEPTED		 distinct states	
mnt-2147484322	ACCEPTED		 distinct states	
mnt-2147484330	ACCEPTED		 distinct states	
mnt-2147484335	ACCEPTED		 distinct states	
mnt-2147484344	ACCEPTED		 distinct states	
mnt-2147484255	ACCEPTED		 distinct states	
mnt-2147484351	ACCEPTED		 distinct states	
mnt-2147484241	ACCEPTED		 distinct states	
mnt-2147484354	ACCEPTED		 distinct states	
mnt-2147484367	ACCEPTED		 distinct states	
mnt-2147484361	ACCEPTED		 distinct states	
mnt-2147484376	ACCEPTED		 distinct states	
mnt-2147484373	ACCEPTED		 distinct states	
mnt-2147484313	ACCEPTED		 distinct states	
mnt-2147484369	ACCEPTED		 distinct states	
mnt-2147484382	ACCEPTED		 distinct states	
mnt-2147484371	ACCEPTED		 distinct states	
mnt-2147484380	ACCEPTED		 distinct states	
mnt-2147484386	ACCEPTED		 distinct states	
mnt-2147484291	ACCEPTED		 distinct states	
mnt-2147484385	ACCEPTED		 distinct states	
mnt-2147484307	ACCEPTED		 distinct states	
mnt-2147484388	ACCEPTED		 distinct states	
mnt-2147484398	ACCEPTED		 distinct states	
mnt-2147484377	ACCEPTED		 distinct states	
mnt-2147484400	ACCEPTED		 distinct states	
mnt-2147484403	ACCEPTED		 distinct states	
mnt-2147484406	ACCEPTED		 distinct states	
mnt-2147484416	ACCEPTED		 distinct states	
mnt-2147484422	ACCEPTED		 distinct states	
mnt-2147484410	ACCEPTED		 distinct states	
mnt-2147484412	ACCEPTED		 distinct states	
mnt-2147484429	ACCEPTED		 distinct states	
mnt-2147484423	ACCEPTED		 distinct states	
mnt-2147484425	ACCEPTED		 distinct states	
mnt-2147484439	ACCEPTED		 distinct states	
mnt-2147484340	ACCEPTED		 distinct states	
mnt-2147484435	ACCEPTED		 distinct states	
mnt-2147484359	ACCEPTED		 distinct states	
mnt-2147484326	ACCEPTED		 distinct states	
mnt-2147484438	ACCEPTED		 distinct states	
mnt-2147484449	ACCEPTED		 distinct states	
mnt-2147484431	ACCEPTED		 distinct states	
mnt-2147484444	ACCEPTED		 distinct states	
mnt-2147484447	ACCEPTED		 distinct states	
mnt-2147484455	ACCEPTED		 distinct states	
mnt-2147484457	ACCEPTED		 distinct states	
mnt-2147484381	ACCEPTED		 distinct states	
mnt-2147484453	ACCEPTED		 distinct states	
mnt-2147484465	ACCEPTED		 distinct states	
mnt-2147484473	ACCEPTED		 distinct states	
mnt-2147484468	ACCEPTED		 distinct states	
mnt-2147484471	ACCEPTED		 distinct states	
mnt-2147484389	ACCEPTED		 distinct states	
mnt-2147484419	ACCEPTED		 distinct states	
mnt-2147484475	ACCEPTED		 distinct states	
mnt-2147484477	ACCEPTED		 distinct states	
mnt-2147484482	ACCEPTED		 distinct states	
mnt-2147484483	ACCEPTED		 distinct states	
mnt-2147484487	ACCEPTED		 distinct states	
mnt-2147484489	ACCEPTED		 distinct states	
mnt-2147484491	ACCEPTED		 distinct states	
mnt-2147484497	ACCEPTED		 distinct states	
mnt-2147484488	ACCEPTED		 distinct states	
mnt-2147484501	ACCEPTED		 distinct states	
mnt-2147484496	ACCEPTED		 distinct states	
mnt-2147484498	ACCEPTED		 distinct states	
mnt-2147484503	ACCEPTED		 distinct states	
mnt-2147484505	ACCEPTED		 distinct states	
mnt-2147484508	ACCEPTED		 distinct states	
mnt-2147484515	ACCEPTED		 distinct states	
mnt-2147484499	ACCEPTED		 distinct states	
mnt-2147484513	ACCEPTED		 distinct states	
mnt-2147484525	ACCEPTED		 distinct states	
mnt-2147484520	ACCEPTED		 distinct states	
mnt-2147484462	ACCEPTED		 distinct states	
mnt-2147484537	ACCEPTED		 distinct states	
mnt-2147484541	ACCEPTED		 distinct states	
mnt-2147484529	ACCEPTED		 distinct states	
mnt-2147484387	ACCEPTED		 distinct states	
mnt-2147484553	ACCEPTED		 distinct states	
mnt-2147484561	ACCEPTED		 distinct states	
mnt-2147484566	ACCEPTED		 distinct states	
mnt-2147484567	ACCEPTED		 distinct states	
mnt-2147484558	ACCEPTED		 distinct states	
mnt-2147484569	ACCEPTED		 distinct states	
mnt-2147484485	ACCEPTED		 distinct states	
mnt-2147484572	ACCEPTED		 distinct states	
mnt-2147484581	ACCEPTED		 distinct states	
mnt-2147484584	ACCEPTED		 distinct states	
mnt-2147484580	ACCEPTED		 distinct states	
mnt-2147484585	ACCEPTED		 distinct states	
mnt-2147484571	ACCEPTED		 distinct states	
mnt-2147484575	ACCEPTED		 distinct states	
mnt-2147484597	ACCEPTED		 distinct states	
mnt-2147484589	ACCEPTED		 distinct states	
mnt-2147484595	ACCEPTED		 distinct states	
mnt-2147484591	ACCEPTED		 distinct states	
mnt-2147484615	ACCEPTED		 distinct states	
mnt-2147484606	ACCEPTED		 distinct states	
mnt-2147484506	ACCEPTED		 distinct states	
mnt-2147484605	ACCEPTED		 distinct states	
mnt-2147484609	ACCEPTED		 distinct states	
mnt-2147484620	ACCEPTED		 distinct states	
mnt-2147484623	ACCEPTED		 distinct states	
mnt-2147484621	ACCEPTED		 distinct states	
mnt-2147484633	ACCEPTED		 distinct states	
mnt-2147484635	ACCEPTED		 distinct states	
mnt-2147484526	ACCEPTED		 distinct states	
mnt-2147484636	ACCEPTED		 distinct states	
mnt-2147484644	ACCEPTED		 distinct states	
mnt-2147484640	ACCEPTED		 distinct states	
mnt-2147484551	ACCEPTED		 distinct states	
mnt-2147484643	ACCEPTED		 distinct states	
mnt-2147484653	ACCEPTED		 distinct states	
mnt-2147484663	ACCEPTED		 distinct states	
mnt-2147484659	ACCEPTED		 distinct states	
mnt-2147484655	ACCEPTED		 distinct states	
mnt-2147484658	ACCEPTED		 distinct states	
mnt-2147484675	ACCEPTED		 distinct states	
mnt-2147484667	ACCEPTED		 distinct states	
mnt-2147484672	ACCEPTED		 distinct states	
mnt-2147484683	ACCEPTED		 distinct states	
mnt-2147484678	ACCEPTED		 distinct states	
mnt-2147484693	ACCEPTED		 distinct states	
mnt-2147484578	ACCEPTED		 distinct states	
mnt-2147484689	ACCEPTED		 distinct states	
mnt-2147484699	ACCEPTED		 distinct states	
mnt-2147484704	ACCEPTED		 distinct states	
mnt-2147484698	ACCEPTED		 distinct states	
mnt-2147484705	ACCEPTED		 distinct states	
mnt-2147484695	ACCEPTED		 distinct states	
mnt-2147484713	ACCEPTED		 distinct states	
mnt-2147484716	ACCEPTED		 distinct states	
mnt-2147484710	ACCEPTED		 distinct states	
mnt-2147484715	ACCEPTED		 distinct states	
mnt-2147484722	ACCEPTED		 distinct states	
mnt-2147484740	ACCEPTED		 distinct states	
mnt-2147484721	ACCEPTED		 distinct states	
mnt-2147484728	ACCEPTED		 distinct states	
mnt-2147484641	ACCEPTED		 distinct states	
mnt-2147484747	ACCEPTED		 distinct states	
mnt-2147484762	ACCEPTED		 distinct states	
mnt-2147484746	ACCEPTED		 distinct states	
mnt-2147484758	ACCEPTED		 distinct states	
mnt-2147484755	ACCEPTED		 distinct states	
mnt-2147484750	ACCEPTED		 distinct states	
mnt-2147484749	ACCEPTED		 distinct states	
mnt-2147484765	ACCEPTED		 distinct states	
mnt-2147484751	ACCEPTED		 distinct states	
mnt-2147484769	ACCEPTED		 distinct states	
mnt-2147484777	ACCEPTED		 distinct states	
mnt-2147484773	ACCEPTED		 distinct states	
mnt-2147484781	ACCEPTED		 distinct states	
mnt-2147484776	ACCEPTED		 distinct states	
mnt-2147484779	ACCEPTED		 distinct states	
mnt-2147484785	ACCEPTED		 distinct states	
mnt-2147484783	ACCEPTED		 distinct states	
mnt-2147484796	ACCEPTED		 distinct states	
mnt-2147484794	ACCEPTED		 distinct states	
mnt-2147484789	ACCEPTED		 distinct states	
mnt-2147484701	ACCEPTED		 distinct states	
mnt-2147484799	ACCEPTED		 distinct states	
mnt-2147484805	ACCEPTED		 distinct states	
mnt-2147484801	ACCEPTED		 distinct states	
mnt-2147484719	ACCEPTED		 distinct states	
mnt-2147484807	ACCEPTED		 distinct states	
mnt-2147484720	ACCEPTED		 distinct states	
mnt-2147484813	ACCEPTED		 distinct states	
mnt-2147484808	ACCEPTED		 distinct states	
mnt-2147484741	ACCEPTED		 distinct states	
mnt-2147484815	ACCEPTED		 distinct states	
mnt-2147484733	ACCEPTED		 distinct states	
mnt-2147484823	ACCEPTED		 distinct states	
mnt-2147484819	ACCEPTED		 distinct states	
mnt-2147484818	ACCEPTED		 distinct states	
mnt-2147484827	ACCEPTED		 distinct states	
mnt-2147484829	ACCEPTED		 distinct states	
mnt-2147484831	ACCEPTED		 distinct states	
mnt-2147484830	ACCEPTED		 distinct states	
mnt-2147484835	ACCEPTED		 distinct states	
mnt-2147484833	ACCEPTED		 distinct states	
mnt-2147484836	ACCEPTED		 distinct states	
mnt-2147484832	ACCEPTED		 distinct states	
mnt-2147484838	ACCEPTED		 distinct states	
mnt-2147484845	ACCEPTED		 distinct states	
mnt-2147484840	ACCEPTED		 distinct states	
mnt-2147484844	ACCEPTED		 distinct states	
mnt-2147484853	ACCEPTED		 distinct states	
mnt-2147484855	ACCEPTED		 distinct states	
mnt-2147484860	ACCEPTED		 distinct states	
mnt-2147484861	ACCEPTED		 distinct states	
mnt-2147484875	ACCEPTED		 distinct states	
mnt-2147484865	ACCEPTED		 distinct states	
mnt-2147484869	ACCEPTED		 distinct states	
mnt-2147484877	ACCEPTED		 distinct states	
mnt-2147484891	ACCEPTED		 distinct states	
mnt-2147484884	ACCEPTED		 distinct states	
mnt-2147484879	ACCEPTED		 distinct states	
mnt-2147484883	ACCEPTED		 distinct states	
mnt-2147484809	ACCEPTED		 distinct states	
mnt-2147484811	ACCEPTED		 distinct states	
mnt-2147484902	ACCEPTED		 distinct states	
mnt-2147484893	ACCEPTED		 distinct states	
mnt-2147484895	ACCEPTED		 distinct states	
mnt-2147484909	ACCEPTED		 distinct states	
mnt-2147484903	ACCEPTED		 distinct states	
mnt-2147484917	ACCEPTED		 distinct states	
mnt-2147484922	ACCEPTED		 distinct states	
mnt-2147484927	ACCEPTED		 distinct states	
mnt-2147484918	ACCEPTED		 distinct states	
mnt-2147484924	ACCEPTED		 distinct states	
mnt-2147484930	ACCEPTED		 distinct states	
mnt-2147484929	ACCEPTED		 distinct states	
mnt-2147484931	ACCEPTED		 distinct states	
mnt-2147484932	ACCEPTED		 distinct states	
mnt-2147484933	ACCEPTED		 distinct states	
mnt-2147484937	ACCEPTED		 distinct states	
mnt-2147484934	ACCEPTED		 distinct states	
mnt-2147484949	ACCEPTED		 distinct states	
mnt-2147484957	ACCEPTED		 distinct states	
mnt-2147484945	ACCEPTED		 distinct states	
mnt-2147484954	ACCEPTED		 distinct states	
mnt-2147484962	ACCEPTED		 distinct states	
mnt-2147484968	ACCEPTED		 distinct states	
mnt-2147484977	ACCEPTED		 distinct states	
mnt-2147484963	ACCEPTED		 distinct states	
mnt-2147484979	ACCEPTED		 distinct states	
mnt-2147484999	ACCEPTED		 distinct states	
mnt-2147485005	ACCEPTED		 distinct states	
mnt-2147485002	ACCEPTED		 distinct states	
mnt-2147485001	ACCEPTED		 distinct states	
mnt-2147485008	ACCEPTED		 distinct states	
mnt-2147485013	ACCEPTED		 distinct states	
mnt-2147484889	ACCEPTED		 distinct states	
mnt-2147485029	ACCEPTED		 distinct states	
mnt-2147485020	ACCEPTED		 distinct states	
mnt-2147485022	ACCEPTED		 distinct states	
mnt-2147485032	ACCEPTED		 distinct states	
mnt-2147485023	ACCEPTED		 distinct states	
mnt-2147485033	ACCEPTED		 distinct states	
mnt-2147485027	ACCEPTED		 distinct states	
mnt-2147485034	ACCEPTED		 distinct states	
mnt-2147484939	ACCEPTED		 distinct states	
mnt-2147485035	ACCEPTED		 distinct states	
mnt-2147484262	ACCEPTED		456 distinct states	
mnt-2147485038	ACCEPTED		 distinct states	
mnt-2147485039	ACCEPTED		 distinct states	
mnt-2147485047	ACCEPTED		 distinct states	
mnt-2147485051	ACCEPTED		 distinct states	
mnt-2147485069	ACCEPTED		 distinct states	
mnt-2147485053	ACCEPTED		 distinct states	
mnt-2147484946	ACCEPTED		 distinct states	
mnt-2147485066	ACCEPTED		 distinct states	
mnt-2147485067	ACCEPTED		 distinct states	
mnt-2147485065	ACCEPTED		 distinct states	
mnt-2147485074	ACCEPTED		 distinct states	
mnt-2147484973	ACCEPTED		 distinct states	
mnt-2147485075	ACCEPTED		 distinct states	
mnt-2147485076	ACCEPTED		 distinct states	
mnt-2147485073	ACCEPTED		 distinct states	
mnt-2147484997	ACCEPTED		 distinct states	
mnt-2147485081	ACCEPTED		 distinct states	
mnt-2147485083	ACCEPTED		 distinct states	
mnt-2147485017	ACCEPTED		 distinct states	
mnt-2147485087	ACCEPTED		 distinct states	
mnt-2147485089	ACCEPTED		 distinct states	
mnt-2147485084	ACCEPTED		 distinct states	
mnt-2147485090	ACCEPTED		 distinct states	
mnt-2147485021	ACCEPTED		 distinct states	
mnt-2147485093	ACCEPTED		 distinct states	
mnt-2147485092	ACCEPTED		 distinct states	
mnt-2147485095	ACCEPTED		 distinct states	
mnt-2147485100	ACCEPTED		 distinct states	
mnt-2147484991	ACCEPTED		 distinct states	
mnt-2147485109	ACCEPTED		 distinct states	
mnt-2147485101	ACCEPTED		 distinct states	
mnt-2147485096	ACCEPTED		 distinct states	
mnt-2147485110	ACCEPTED		 distinct states	
mnt-2147485114	ACCEPTED		 distinct states	
mnt-2147485137	ACCEPTED		 distinct states	
mnt-2147485136	ACCEPTED		 distinct states	
mnt-2147485140	ACCEPTED		 distinct states	
mnt-2147485141	ACCEPTED		 distinct states	
mnt-2147485144	ACCEPTED		 distinct states	
mnt-2147485071	ACCEPTED		 distinct states	
mnt-2147485146	ACCEPTED		 distinct states	
mnt-2147485157	ACCEPTED		 distinct states	
mnt-2147485155	ACCEPTED		 distinct states	
mnt-2147485160	ACCEPTED		 distinct states	
mnt-2147485168	ACCEPTED		 distinct states	
mnt-2147485158	ACCEPTED		 distinct states	
mnt-2147485163	ACCEPTED		 distinct states	
mnt-2147485165	ACCEPTED		 distinct states	
mnt-2147485176	ACCEPTED		 distinct states	
mnt-2147485166	ACCEPTED		 distinct states	
mnt-2147485175	ACCEPTED		 distinct states	
mnt-2147485085	ACCEPTED		 distinct states	
mnt-2147485127	ACCEPTED		 distinct states	
mnt-2147485193	ACCEPTED		 distinct states	
mnt-2147485199	ACCEPTED		 distinct states	
mnt-2147485208	ACCEPTED		 distinct states	
mnt-2147485215	ACCEPTED		 distinct states	
mnt-2147485207	ACCEPTED		 distinct states	
mnt-2147485203	ACCEPTED		 distinct states	
mnt-2147485219	ACCEPTED		 distinct states	
mnt-2147485111	ACCEPTED		 distinct states	
mnt-2147485225	ACCEPTED		 distinct states	
mnt-2147485228	ACCEPTED		 distinct states	
mnt-2147485235	ACCEPTED		 distinct states	
mnt-2147485231	ACCEPTED		 distinct states	
mnt-2147485124	ACCEPTED		 distinct states	
mnt-2147485239	ACCEPTED		 distinct states	
mnt-2147485237	ACCEPTED		 distinct states	
mnt-2147485255	ACCEPTED		 distinct states	
mnt-2147485260	ACCEPTED		 distinct states	
mnt-2147485145	ACCEPTED		 distinct states	
mnt-2147485269	ACCEPTED		 distinct states	
mnt-2147485149	ACCEPTED		 distinct states	
mnt-2147485272	ACCEPTED		 distinct states	
mnt-2147485270	ACCEPTED		 distinct states	
mnt-2147485279	ACCEPTED		 distinct states	
mnt-2147485265	ACCEPTED		 distinct states	
mnt-2147485277	ACCEPTED		 distinct states	
mnt-2147485282	ACCEPTED		 distinct states	
mnt-2147485291	ACCEPTED		 distinct states	
mnt-2147485292	ACCEPTED		 distinct states	
mnt-2147485294	ACCEPTED		 distinct states	
mnt-2147485303	ACCEPTED		 distinct states	
mnt-2147485295	ACCEPTED		 distinct states	
mnt-2147485172	ACCEPTED		 distinct states	
mnt-2147485307	ACCEPTED		 distinct states	
mnt-2147485328	ACCEPTED		 distinct states	
mnt-2147485314	ACCEPTED		 distinct states	
mnt-2147485334	ACCEPTED		 distinct states	
mnt-2147485337	ACCEPTED		 distinct states	
mnt-2147485333	ACCEPTED		 distinct states	
mnt-2147485340	ACCEPTED		 distinct states	
mnt-2147485338	ACCEPTED		 distinct states	
mnt-2147485339	ACCEPTED		 distinct states	
mnt-2147485335	ACCEPTED		 distinct states	
mnt-2147485226	ACCEPTED		 distinct states	
mnt-2147485217	ACCEPTED		 distinct states	
mnt-2147485345	ACCEPTED		 distinct states	
mnt-2147485355	ACCEPTED		 distinct states	
mnt-2147485349	ACCEPTED		 distinct states	
mnt-2147485370	ACCEPTED		 distinct states	
mnt-2147485357	ACCEPTED		 distinct states	
mnt-2147485347	ACCEPTED		 distinct states	
mnt-2147485361	ACCEPTED		 distinct states	
mnt-2147485372	ACCEPTED		 distinct states	
mnt-2147485381	ACCEPTED		 distinct states	
mnt-2147485383	ACCEPTED		 distinct states	
mnt-2147485387	ACCEPTED		 distinct states	
mnt-2147485285	ACCEPTED		 distinct states	
mnt-2147485289	ACCEPTED		 distinct states	
mnt-2147485404	ACCEPTED		 distinct states	
mnt-2147485394	ACCEPTED		 distinct states	
mnt-2147485388	ACCEPTED		 distinct states	
mnt-2147485406	ACCEPTED		 distinct states	
mnt-2147485405	ACCEPTED		 distinct states	
mnt-2147485401	ACCEPTED		 distinct states	
mnt-2147485299	ACCEPTED		 distinct states	
mnt-2147485407	ACCEPTED		 distinct states	
mnt-2147485411	ACCEPTED		 distinct states	
mnt-2147485419	ACCEPTED		 distinct states	
mnt-2147485433	ACCEPTED		 distinct states	
mnt-2147485317	ACCEPTED		 distinct states	
mnt-2147485443	ACCEPTED		 distinct states	
mnt-2147485435	ACCEPTED		 distinct states	
mnt-2147485451	ACCEPTED		 distinct states	
mnt-2147485452	ACCEPTED		 distinct states	
mnt-2147485455	ACCEPTED		 distinct states	
mnt-2147485465	ACCEPTED		 distinct states	
mnt-2147485445	ACCEPTED		 distinct states	
mnt-2147485476	ACCEPTED		 distinct states	
mnt-2147485477	ACCEPTED		 distinct states	
mnt-2147485478	ACCEPTED		 distinct states	
mnt-2147485341	ACCEPTED		 distinct states	
mnt-2147485483	ACCEPTED		 distinct states	
mnt-2147485488	ACCEPTED		 distinct states	
mnt-2147485491	ACCEPTED		 distinct states	
mnt-2147485495	ACCEPTED		 distinct states	
mnt-2147485492	ACCEPTED		 distinct states	
mnt-2147485498	ACCEPTED		 distinct states	
mnt-2147485497	ACCEPTED		 distinct states	
mnt-2147485507	ACCEPTED		 distinct states	
mnt-2147485503	ACCEPTED		 distinct states	
mnt-2147485511	ACCEPTED		 distinct states	
mnt-2147485518	ACCEPTED		 distinct states	
mnt-2147485514	ACCEPTED		 distinct states	
mnt-2147485509	ACCEPTED		 distinct states	
mnt-2147485521	ACCEPTED		 distinct states	
mnt-2147485522	ACCEPTED		 distinct states	
mnt-2147485528	ACCEPTED		 distinct states	
mnt-2147485423	ACCEPTED		 distinct states	
mnt-2147485531	ACCEPTED		 distinct states	
mnt-2147485415	ACCEPTED		 distinct states	
mnt-2147485541	ACCEPTED		 distinct states	
mnt-2147483737	ACCEPTED		 distinct states	
mnt-2147485418	ACCEPTED		 distinct states	
mnt-2147485540	ACCEPTED		 distinct states	
mnt-2147485552	ACCEPTED		 distinct states	
mnt-2147483739	ACCEPTED		 distinct states	
mnt-2147485565	ACCEPTED		 distinct states	
mnt-2147485569	ACCEPTED		 distinct states	
mnt-2147483740	ACCEPTED		 distinct states	
mnt-2147485572	ACCEPTED		 distinct states	
mnt-2147485570	ACCEPTED		 distinct states	
mnt-2147485555	ACCEPTED		 distinct states	
mnt-2147483741	ACCEPTED		 distinct states	
mnt-2147483742	ACCEPTED		 distinct states	
mnt-2147485439	ACCEPTED		 distinct states	
mnt-2147485513	ACCEPTED		 distinct states	
mnt-2147483746	ACCEPTED		 distinct states	
mnt-2147483747	ACCEPTED		 distinct states	
mnt-2147485499	ACCEPTED		 distinct states	
mnt-2147483744	ACCEPTED		 distinct states	
mnt-2147485506	ACCEPTED		 distinct states	
mnt-2147483748	ACCEPTED		 distinct states	
mnt-2147485505	ACCEPTED		 distinct states	
mnt-2147483749	ACCEPTED		 distinct states	
mnt-2147483750	ACCEPTED		 distinct states	
mnt-2147483753	ACCEPTED		 distinct states	
mnt-2147483755	ACCEPTED		 distinct states	
mnt-2147483752	ACCEPTED		 distinct states	
mnt-2147483760	ACCEPTED		 distinct states	
mnt-2147483754	ACCEPTED		 distinct states	
mnt-2147483761	ACCEPTED		 distinct states	
mnt-2147483738	ACCEPTED		 distinct states	
mnt-2147483764	ACCEPTED		 distinct states	
mnt-2147483762	ACCEPTED		 distinct states	
mnt-2147483767	ACCEPTED		 distinct states	
mnt-2147483768	ACCEPTED		 distinct states	
mnt-2147483756	ACCEPTED		 distinct states	
mnt-2147483766	ACCEPTED		 distinct states	
mnt-2147483765	ACCEPTED		 distinct states	
mnt-2147483773	ACCEPTED		 distinct states	
mnt-2147483763	ACCEPTED		 distinct states	
mnt-2147483770	ACCEPTED		 distinct states	
mnt-2147483772	ACCEPTED		 distinct states	
mnt-2147485533	ACCEPTED		 distinct states	
mnt-2147483774	ACCEPTED		 distinct states	
mnt-2147485535	ACCEPTED		 distinct states	
mnt-2147483775	ACCEPTED		 distinct states	
mnt-2147483779	ACCEPTED		 distinct states	
mnt-2147483783	ACCEPTED		 distinct states	
mnt-2147483778	ACCEPTED		 distinct states	
mnt-2147483781	ACCEPTED		 distinct states	
mnt-2147483777	ACCEPTED		 distinct states	
mnt-2147483782	ACCEPTED		 distinct states	
mnt-2147483776	ACCEPTED		 distinct states	
mnt-2147483786	ACCEPTED		 distinct states	
mnt-2147483785	ACCEPTED		 distinct states	
mnt-2147483784	ACCEPTED		 distinct states	
mnt-2147483787	ACCEPTED		 distinct states	
mnt-2147483780	ACCEPTED		 distinct states	
mnt-2147483800	ACCEPTED		 distinct states	
mnt-2147483792	ACCEPTED		 distinct states	
mnt-2147483799	ACCEPTED		 distinct states	
mnt-2147483788	ACCEPTED		 distinct states	
mnt-2147483793	ACCEPTED		 distinct states	
mnt-2147483743	ACCEPTED		 distinct states	
mnt-2147483791	ACCEPTED		 distinct states	
mnt-2147483802	ACCEPTED		 distinct states	
mnt-2147483804	ACCEPTED		 distinct states	
mnt-2147483801	ACCEPTED		 distinct states	
mnt-2147483806	ACCEPTED		 distinct states	
mnt-2147483805	ACCEPTED		 distinct states	
mnt-2147483808	ACCEPTED		 distinct states	
mnt-2147483809	ACCEPTED		 distinct states	
mnt-2147483812	ACCEPTED		 distinct states	
mnt-2147483810	ACCEPTED		 distinct states	
mnt-2147483815	ACCEPTED		 distinct states	
mnt-2147483818	ACCEPTED		 distinct states	
mnt-2147483816	ACCEPTED		 distinct states	
mnt-2147483822	ACCEPTED		 distinct states	
mnt-2147483820	ACCEPTED		 distinct states	
mnt-2147483829	ACCEPTED		 distinct states	
mnt-2147483828	ACCEPTED		 distinct states	
mnt-2147483826	ACCEPTED		 distinct states	
mnt-2147483827	ACCEPTED		 distinct states	
mnt-2147483825	ACCEPTED		 distinct states	
mnt-2147483836	ACCEPTED		 distinct states	
mnt-2147483830	ACCEPTED		 distinct states	
mnt-2147483832	ACCEPTED		 distinct states	
mnt-2147483837	ACCEPTED		 distinct states	
mnt-2147483841	ACCEPTED		 distinct states	
mnt-2147483838	ACCEPTED		 distinct states	
mnt-2147483847	ACCEPTED		 distinct states	
mnt-2147483846	ACCEPTED		 distinct states	
mnt-2147483844	ACCEPTED		 distinct states	
mnt-2147483848	ACCEPTED		 distinct states	
mnt-2147483843	ACCEPTED		 distinct states	
mnt-2147483849	ACCEPTED		 distinct states	
mnt-2147483853	ACCEPTED		 distinct states	
mnt-2147483855	ACCEPTED		 distinct states	
mnt-2147483851	ACCEPTED		 distinct states	
mnt-2147483858	ACCEPTED		 distinct states	
mnt-2147483854	ACCEPTED		 distinct states	
mnt-2147483859	ACCEPTED		 distinct states	
mnt-2147483860	ACCEPTED		 distinct states	
mnt-2147483861	ACCEPTED		 distinct states	
mnt-2147483862	ACCEPTED		 distinct states	
mnt-2147483866	ACCEPTED		 distinct states	
mnt-2147483868	ACCEPTED		 distinct states	
mnt-2147483864	ACCEPTED		 distinct states	
mnt-2147483867	ACCEPTED		 distinct states	
mnt-2147483869	ACCEPTED		 distinct states	
mnt-2147483872	ACCEPTED		 distinct states	
mnt-2147483874	ACCEPTED		 distinct states	
mnt-2147483875	ACCEPTED		 distinct states	
mnt-2147483878	ACCEPTED		 distinct states	
mnt-2147483876	ACCEPTED		 distinct states	
